Bias,OutgroupAttitudes,SymbolicThreat,ValuesThreat,BigFiveAgreeable,GeneralizedThreat,Unpredictability,Religiosity,SystemJustification,ID.fSELFINVESTMENT,ID.fSELFDEFINITION,Contact_quality,Contact_quantity,Contact_numberfriends,Contact_frequency,BeliefInJustWorld,Entitativity,RWA.AUTH,SDO.EGAL
-1.398627683,3.04672203866481,-2.106292206,-2.4960059,-0.23274637,-0.461023547,-3.343010015,-0.65247949,1.254965501,0.2326932492,0.2608864929,1.625755069,2.091109561,3.591397834,0.286738337,0.11781062,0.695649749,-0.15106228,3.13679487
0.949373743,0.723536052056879,-0.215450006,-0.9785369,0.26878594,-1.794573621,-0.242956568,1.54023716,-0.200780266,0.6067917881,0.8518410822,1.252342277,0.006432955,-0.408602166,1.286738337,0.36197581,-0.344157387,-0.04778857,2.64112866
3.596307023,-2.78056695376359,1.510149325,2.5383267,0.43596338,4.243645659,3.49269669,-1.29420959,-1.740941224,1.5995063998,1.981812819,-2.707079108,-2.136910875,-1.408602166,-1.713261663,-1.21492224,-2.138535162,-0.15106228,-1.18568535
-0.447613378,-0.83813728962079,-0.049334843,-1.0016043,0.82735019,-1.010462087,0.085001765,1.9615435,2.021027117,0.3753959755,0.3794772467,0.470908657,1.136498838,0.591397834,1.286738337,2.06083726,-0.249111683,0.06509948,2.46185932
-0.001640561,1.40450394934791,-0.910748805,-1.7603388,0.43596338,-1.794573621,0.636094772,1.77172084,2.586153012,0.9248046143,1.1301208233,1.392642419,1.693843526,1.591397834,3.286738337,2.41410899,-0.407119677,0.69338815,2.88393414
3.802416657,-2.78056695376359,2.15739782,3.4123984,0.49299532,-0.855881641,3.565145809,-1.28365079,-1.91412364,1.308317975,1.3304110904,-2.276676249,-1.349894683,-1.408602166,-1.713261663,-2.23066252,0.502793113,0.34771835,-1.23659869
-0.052270805,-0.457380967155661,1.824332372,1.0669925,0.26878594,1.341872516,-0.146155131,-1.29420959,-0.115795877,0.7975823485,1.0555684756,1.427622839,0.330869853,0.591397834,0.286738337,0.56784851,-0.51933314,-0.28757597,-1.08558032
-1.398627683,0.133077542450609,-1.154988195,-2.4498711,-1.40690682,5.73738083,0.636094772,-0.8320286,-0.341500269,1.2209530767,1.5572975759,0.544120181,1.443599048,1.591397834,2.286738337,-0.58003721,0.994068566,-0.18169359,1.69623434
-2.820929926,0.804080799696104,-0.208431752,1.1823296,0.26878594,1.65663806,-0.165867053,-0.33057629,0.502345629,0.0015932188,0.2034333396,-0.509352396,0.115922061,0.591397834,3.286738337,0.95358699,-0.335497726,,1.13954657
1.479730353,-0.547890354840424,1.564378044,3.2970613,0.26878594,3.694207119,0.183232738,-1.33073014,-1.998568045,0.5183621975,0.4556849611,-2.247093223,1.317810413,0.591397834,0.286738337,-2.50844354,-0.766048046,-0.15106228,-1.23659869
-0.447613378,0.133077542450609,-0.360779649,-1.0016043,0.43596338,0.323087987,-0.532261983,-1.26736816,1.508354886,-0.1009569929,-0.1385384961,0.458787799,0.427219146,-0.408602166,2.286738337,0.96443858,-0.72152574,0.06335465,-1.23659869
-1.398627683,3.04672203866481,-1.909781887,-2.4498711,0.82735019,-1.794573621,0.785655367,1.68382117,3.164213639,-0.0862996904,-0.1335468173,2.266270702,2.801864107,3.591397834,3.286738337,3.30602097,0.751507538,0.06335465,-1.28346122
-1.398627683,0.133077542450609,0.727642573,1.1131274,-0.12260088,-0.226350552,-0.821783039,0.25630447,-0.329667088,-1.2750960323,-1.4269789357,-0.418791816,-0.727189376,-0.408602166,-1.713261663,-1.29667347,0.158462974,-0.0758112,1.49048611
-1.8446005,0.513833864915738,-0.580223572,-0.3351395,-0.23274637,-0.461023547,-1.511629949,-0.60851822,-1.616404818,-1.2878144783,-1.5371973734,0.348182891,-0.42721353,-0.408602166,-0.713261663,-1.54621273,0.188723126,-0.15106228,0.48947306
0.288852865,-0.167134032375295,-0.304191991,-0.3812743,0.26878594,1.107199521,-0.422040096,-0.26965531,-0.648281391,-0.3880840626,-0.6205615116,-0.742597743,-0.232910207,-0.408602166,-0.713261663,0.89604758,-0.575483241,0.24884162,-1.0283111
-1.398627683,0.133077542450609,-0.117227164,1.825727,-0.84834256,0.557760982,0.319750118,1.55806042,1.220295772,-0.5194411553,-0.7183950858,-1.28703738,-2.139558925,-1.408602166,-1.713261663,1.45491355,-0.670242653,,2.52749494
1.163921805,-1.20892897204038,-0.862479694,0.4005277,0.26878594,0.008322443,-1.746378302,-1.33073014,-0.099424726,0.3817017681,0.588082585,0.676782583,-2.009294538,-1.408602166,-0.713261663,0.39131451,0.658688345,-0.0758112,-1.23659869
0.621538268,0.684888000239727,2.13573228,1.0439251,0.66017275,3.14476858,3.49269669,-0.17223083,-1.284212746,0.5681428569,1.0657401384,-0.811368569,-1.662796731,-1.408602166,-1.713261663,2.06355645,-0.080719289,-0.15106228,-0.99298338
-0.893586195,-0.457380967155661,-0.049334843,-1.0477391,0.43596338,-0.226350552,-0.529862761,-1.3280444,1.459962262,-1.6679683713,-1.8165943606,-0.14732798,0.213008652,-1.408602166,-0.713261663,1.43737204,0.019048681,-0.28757597,-0.46906883
0.831236401,-0.358117447790359,2.816214055,3.2509264,0.1016085,4.478318654,3.066820219,-1.13822318,-1.358566274,0.7060821573,0.9408500659,-0.967200411,-0.592240263,-0.408602166,-0.713261663,1.25851514,0.413771951,-0.0758112,-1.22837399
0.684195439,-0.24767878001452,-0.363961322,1.1361948,-0.84834256,-4.461673768,1.235440152,0.92116626,0.115436522,-0.1939436465,-0.1019558405,0.20192333,0.959325332,1.591397834,0.286738337,-1.12359091,-0.148951882,0.1765603,0.35274372
-0.447613378,1.10429237452201,-0.28786167,-0.2890046,0.66017275,-1.010462087,0.303629654,-1.11906278,1.828856378,0.4975142786,0.4826259829,1.382569351,2.521064923,2.591397834,2.286738337,1.78737269,0.667945653,-0.16305664,0.35274372
2.405429536,-1.80935212169219,1.327995747,2.5152593,0.66017275,3.14476858,0.345297692,0.30120063,-1.088145911,1.4938590044,1.9031275947,-1.487395917,-0.4237906,-0.408602166,-0.713261663,-1.53984561,0.346395546,-0.27356466,-1.23659869
1.959456719,-0.83813728962079,-0.875546228,-1.7603388,0.26878594,-0.461023547,0.968450869,-0.54029968,0.130910782,1.261915441,1.4536998715,0.435632749,-1.187472893,-1.408602166,-1.713261663,1.0709044,0.132642028,0.1765603,0.19869894
0.469647377,0.123112902405071,0.216078767,-0.3582069,-0.84834256,1.027106972,-1.01128642,-0.19261573,-1.874488131,0.061369762,-0.125253733,0.625272715,1.369078766,1.591397834,2.286738337,-1.15120575,1.004064541,0.03707685,1.74758565
-1.398627683,0.133077542450609,-0.979978313,-1.7603388,0.66017275,-2.8934507,-0.238242673,-1.3280444,0.139191939,-0.7291261521,-0.8745665743,0.51961186,1.365163303,-0.408602166,-0.713261663,0.35854279,-0.085371242,-0.28757597,-0.50741543
0.74326411,-1.12838422440116,1.20617667,1.825727,0.66017275,1.341872516,-1.384614302,0.18989753,-0.386604007,-0.0561006307,-0.145070544,-0.604744247,-0.124030465,-0.408602166,0.286738337,-0.48891787,0.30295972,0.03707685,-1.11672941
-0.447613378,0.133077542450609,1.280338457,1.1131274,-0.12260088,-1.559900626,-0.304917016,-1.16376064,-1.41334839,0.4685828783,0.3914879208,-0.012696092,0.808272068,1.591397834,1.286738337,-1.71277454,-0.440529947,-0.15106228,-1.18568535
4.307458145,-2.78056695376359,2.312833739,1.825727,0.43596338,2.125984051,-2.287381334,0.35606019,-2.063111962,0.7955364388,0.8632326858,-1.375422163,1.297225955,1.591397834,0.286738337,-2.53783333,-0.631606174,0.79927054,-1.23659869
-1.398627683,-1.80935212169219,1.215229722,2.5844616,-0.06556893,0.792433977,0.53478655,-0.98227857,0.370284697,-1.6033664058,-1.896945006,-0.289858303,0.792762772,1.591397834,0.286738337,-0.56800235,1.153272354,,0.17620289
-1.398627683,2.07550720659341,-1.136871604,-1.7372714,0.26878594,-1.794573621,1.466597048,1.77172084,1.57479703,-0.0500954439,0.2603052083,1.354950054,2.062426213,1.591397834,2.286738337,0.87172759,-0.146566859,0.35396321,1.88233271
-0.182435073,0.423324477230975,0.431253409,-1.0477391,-0.28977831,0.088414992,0.323341575,0.516186,-0.276167806,-0.2306323651,-0.830927837,-0.639289476,0.173075205,1.591397834,0.286738337,0.67006893,-1.668183357,0.28976595,1.00798739
0.263537743,0.133077542450609,0.631812959,1.1592622,0.15864044,4.873176747,1.917764618,-1.09966575,-1.337314518,-1.0265072583,-0.7312339854,1.01504821,-2.143851783,-1.408602166,-1.713261663,-0.03062569,-0.443548706,0.13595358,-0.47416461
-1.398627683,3.04672203866481,2.380744127,3.2509264,0.15864044,-1.794573621,3.565145809,-1.29420959,2.78124708,1.78302261,2.1187655919,2.466242638,3.083938288,4.591397834,4.286738337,3.23235724,1.655396591,-0.49934075,-0.80949019
0.768579231,-0.167134032375295,0.388458959,1.1592622,0.66017275,4.008972664,0.270383427,0.67012143,-1.262866406,0.7478952009,1.0543013202,1.202381156,0.599142792,0.591397834,2.286738337,-1.13644838,0.962295037,-0.49934075,-1.23659869
0.322606414,-1.80935212169219,2.021965629,2.5383267,-0.84834256,3.694207119,-1.837754996,0.64411717,-2.158243495,-0.960143314,-1.001592986,-1.446971925,-0.5913456,-0.408602166,-0.713261663,-2.30729561,1.597420376,-0.15106228,-0.94372696
-1.398627683,2.07550720659341,-0.400218081,0.4005277,-0.12260088,-2.029246616,0.319750118,0.59298378,0.804143011,1.0960922798,1.3831525093,0.580080109,-0.37513381,-1.408602166,-1.713261663,1.01037985,-0.088615983,0.57349445,0.91887955
-1.398627683,2.07550720659341,-2.059109079,-2.4498711,-0.84834256,-1.794573621,0.196569102,1.88572148,0.90670813,-0.6750280503,-1.1508923553,1.61295859,-2.144966747,-1.408602166,-1.713261663,0.45304316,1.378636546,0.48862903,2.85900405
0.503400926,-0.83813728962079,0.758759951,1.1131274,-0.28977831,-1.010462087,0.345297692,-0.34512303,-0.318485886,-0.4854350121,-0.6459951006,-0.565696889,-1.361848775,-1.408602166,-0.713261663,-0.62349899,-0.336647872,-0.0758112,-0.22276824
2.67060784,-1.13834886444669,2.246371397,3.2509264,0.66017275,4.478318654,1.000691799,-1.29420959,-2.296166109,1.5686080482,1.9327305321,-1.170607073,0.698396695,-0.408602166,-0.713261663,-0.03605313,-1.140068805,0.13595358,-1.17817726
-1.398627683,2.07550720659341,-1.43445374,-1.714204,-0.06556893,-1.794573621,-1.723074923,1.9615435,0.603797674,-0.0474936041,-0.3901086657,1.849889775,1.875064653,2.591397834,2.286738337,0.69782414,0.679663419,0.48021958,0.87202348
0.974688865,-0.848101929666328,0.324072442,1.8487945,-0.51398769,0.792433977,0.639791678,-1.09044493,-1.374402417,0.1627002088,0.2644151303,0.170366011,0.481734972,1.591397834,0.286738337,-1.15961676,-0.706552662,0.03007119,-0.5426245
-0.447613378,-0.83813728962079,0.165981944,0.4005277,-0.84834256,-0.775789092,1.020403721,-1.0272416,-1.919240596,-0.2183200975,-0.3483439119,-0.446019925,-1.495998403,-1.408602166,-1.713261663,-1.32422447,-0.63242664,-0.3864527,-0.49201792
-0.712791683,0.133077542450609,0.144098213,-0.312072,0.66017275,-3.677562234,-0.682482237,-0.66185332,0.957524391,0.7668999557,0.9639190201,0.42187781,0.175461199,-0.408602166,1.286738337,1.18974525,-0.164548908,-0.06880554,-0.19722414
1.454415231,0.133077542450609,2.556063245,3.2509264,0.26878594,-1.794573621,-3.172007605,1.29824053,-2.084780392,1.4259721098,1.6994299484,1.9635577,-0.243787218,-1.408602166,-0.713261663,-1.57112812,0.312950177,0.13595358,-1.23659869
1.454415231,-2.78056695376359,2.432242169,3.2509264,-0.28977831,4.478318654,3.007221289,-1.28365079,-2.392588981,0.4118517096,0.4125602173,-2.341706639,1.398221506,-1.408602166,-1.713261663,-2.53520092,-1.004795917,-0.49934075,1.6980188
-0.182435073,0.133077542450609,-1.167902235,0.4005277,-0.06556893,1.107199521,-0.807384889,-1.13822318,1.986896296,0.2341110634,0.3192826027,-0.445206284,-2.141128746,-1.408602166,-1.713261663,1.66439984,0.219439039,-0.18169359,-1.23659869
1.454415231,-2.78056695376359,1.276349465,-2.6344105,-1.07255194,3.539626673,-1.543870878,-1.20908783,-2.078376146,-1.2726421746,-1.3047673233,-2.531829729,0.478010432,1.591397834,1.286738337,-2.66679509,-1.92819004,-0.0758112,-0.94372696
0.05742811,-0.83813728962079,1.133155761,-1.093874,-0.84834256,-1.794573621,1.235440152,-1.20908783,-0.682932954,-1.7558483057,-1.9483715231,-0.557301321,-1.830750127,-1.408602166,-1.713261663,-0.14984158,0.306676299,-0.49934075,-1.11423106
-0.447613378,0.133077542450609,-0.512216266,-0.3351395,0.66017275,-0.695696543,0.345297692,1.62600798,1.071626256,0.9504058163,1.0793238512,0.412829609,0.19007224,0.591397834,0.286738337,1.31943838,-0.368110473,0.48021958,0.24964908
-0.687476561,-0.928646677305553,1.542467757,1.0669925,-1.23972938,1.341872516,0.765943446,-0.68374616,-1.971958661,-1.5119043715,-1.6267300191,-1.132592983,-0.424452225,-0.408602166,-0.713261663,-2.05775691,-0.934074784,0.10145046,-1.04135087
-1.398627683,0.133077542450609,-0.727291283,0.4005277,-0.51398769,1.971403605,-1.228761537,1.55523188,0.179759116,-0.5651678071,-0.6395007615,-0.122111651,0.210028775,-0.408602166,0.286738337,0.08862344,-0.478578525,0.16397621,0.38389282
-1.398627683,2.07550720659341,-1.860006157,-2.4498711,0.82735019,-1.794573621,-2.642356413,0.65681604,1.100473227,0.092012103,-0.0094109792,2.132979338,0.773650572,0.591397834,1.286738337,0.25181739,-0.210669681,-0.06179988,-0.43922053
0.469647377,-0.257643420060058,-1.225980935,-0.312072,0.66017275,-3.677562234,0.122754777,0.88948589,0.485403167,0.6584743568,0.8618959414,1.237352084,1.943313217,2.591397834,0.286738337,1.21090919,0.475186385,-0.27626229,2.21533028
-2.168847475,1.31399456166315,-0.483856266,-2.5421408,-0.45695575,-2.578685155,-0.889744236,0.69887908,-1.088616724,-0.7113479554,-1.1381852844,0.395451248,-1.212187615,-1.408602166,-1.713261663,-1.53665542,0.218027068,-0.15106228,2.8093382
-1.398627683,1.10429237452201,-1.050268654,-1.7372714,0.26878594,-1.794573621,-1.115802349,1.45399258,1.459962262,-0.2332320196,-0.2837386978,0.477687553,0.639877996,1.591397834,1.286738337,1.79274184,-0.381871173,0.16397621,1.3655536
-0.447613378,1.10429237452201,0.768753551,0.3774602,0.43596338,2.755515139,1.704936858,0.24245354,-0.178111978,0.2364000371,0.1735271611,0.555959103,1.485893645,1.591397834,0.286738337,-0.43859722,0.330282623,0.36172967,-0.49381254
1.454415231,-0.83813728962079,-0.462440535,-0.312072,-0.06556893,-0.226350552,1.764467541,-0.61235231,1.361141696,0.4362660602,0.6155280216,0.085995942,-0.460277774,-0.408602166,0.286738337,1.62598719,0.005651264,0.06335465,1.0659909
-1.398627683,0.133077542450609,0.433468777,0.4005277,0.26878594,-1.794573621,0.319750118,-1.04268743,0.359262544,-0.5440238832,-0.7047640662,-0.306423363,-1.052162673,-1.408602166,-0.713261663,-0.23140211,-1.001328597,-0.15106228,0.37201671
-1.398627683,3.04672203866481,-1.760454695,1.8487945,0.82735019,-1.794573621,-0.608667912,1.01942176,3.240746654,0.9836909868,1.3143575832,2.113760169,1.242572106,0.591397834,2.286738337,2.00593312,0.793537462,0.91215858,2.93415937
0.263537743,-0.547890354840424,1.020085328,0.3774602,0.1016085,-1.325227631,0.104713687,-1.12196508,-0.921738895,0.0239784319,0.1957149399,-0.672682187,1.084939573,-1.408602166,-1.713261663,0.91627673,-0.508206054,0.24183597,-1.06110516
0.528716048,-0.547890354840424,-0.475959507,-1.0708066,0.26878594,1.341872516,,-0.46659164,-0.605468431,0.3815462212,0.5982482837,-0.45452017,-0.124310598,-0.408602166,0.286738337,-0.03193524,-0.621536739,0.36172967,0.2293496
0.949373743,-1.51910518691182,-0.157671114,0.3774602,0.26878594,2.67542259,1.179640321,0.19811787,-1.070735677,-0.2746244947,-0.5236968444,-1.073666081,1.00838551,-0.408602166,-0.713261663,-1.16393934,1.084494757,-0.16768227,-1.18568535
0.128523707,0.133077542450609,0.303384552,2.5844616,-0.06556893,-4.461673768,-0.23374442,0.517885,1.01015074,0.6640196014,0.7402204464,0.72808087,1.600540141,2.591397834,1.286738337,1.30199132,0.951203942,-0.27356466,0.24238937
-1.398627683,1.10429237452201,-1.902674421,-0.312072,-0.84834256,-1.794573621,-0.595939915,1.79117604,1.440493615,-0.9349343444,-1.4252406745,0.58903148,0.925050303,1.591397834,1.286738337,1.6674286,0.029427325,0.47461772,0.63736676
1.39534656,-1.21889361208592,0.324072442,-0.4043417,-0.84834256,2.125984051,-1.16708447,-1.29420959,-1.526723685,-0.1073820576,-0.0525188731,-1.336081716,0.053576441,-0.408602166,-0.713261663,-1.70405315,0.147217026,-0.39345836,-1.0846877
0.082743231,0.5038692248702,0.42354018,-0.9785369,0.26878594,-1.090554636,0.599187609,0.26668754,-0.445183189,0.8071198945,0.911017596,-0.493436979,-0.593123723,-0.408602166,-0.713261663,-1.03270208,-0.914377987,-0.0758112,1.00378503
2.405429536,-1.80935212169219,2.663866158,0.3313254,0.1016085,3.459534124,-1.508038492,0.30064013,-2.14540764,0.0150644442,0.0329657972,-0.379716088,1.339117837,0.591397834,0.286738337,-2.09224807,1.44065484,-0.49934075,-0.43008512
0.478085805,-0.167134032375295,-1.909781887,-1.0477391,-0.73819707,-1.794573621,3.743894944,1.11614111,-2.007451604,0.7739270111,1.1001630986,-0.747257688,1.108150129,-0.408602166,1.286738337,-0.2068297,1.178578581,-0.15106228,-1.23659869
-1.398627683,-0.157169392329757,-1.959557618,-2.4498711,0.82735019,-1.794573621,-1.511629949,-1.13822318,-0.312840221,-1.5830428816,-1.9164123645,0.724144995,-0.576435238,-1.408602166,-0.713261663,0.1855309,0.112770696,-0.15106228,-0.07723738
-2.349641987,1.10429237452201,-1.699304488,-1.0246717,0.32581788,-3.912235229,1.450476583,1.30202896,0.949574732,-0.2756987209,-0.1954214887,0.580343202,0.654280736,2.591397834,0.286738337,1.24461053,0.342305266,0.25584728,2.30682793
0.768579231,0.5038692248702,1.20617667,1.825727,0.26878594,3.459534124,2.034391862,-1.28365079,-0.83671703,0.4017131202,0.3990780179,-1.113170544,0.430150485,-0.408602166,2.286738337,0.83377631,0.422299367,-0.15106228,-0.95475543
-0.506682049,-0.628435102479649,-0.360779649,0.4005277,-0.06556893,-3.442889239,0.196569102,0.89414524,-0.616831317,-1.1353341239,-1.4380252958,-0.607221828,1.057095,-0.408602166,-0.713261663,-0.8862085,-0.560592745,0.37574099,-0.38241802
1.420661682,-1.89986150937695,0.261766265,-1.0708066,-0.34681025,1.341872516,-1.997860278,0.63039742,-1.660211347,-0.6800612192,-1.0698422736,-1.776052748,-0.563009436,-1.408602166,-1.713261663,-1.75878717,0.269585076,0.03007119,-0.94372696
-0.182435073,0.133077542450609,0.522019394,0.4235951,-0.45695575,1.891311056,-2.239365843,0.19388296,1.276718487,0.1689753688,0.1544133598,-0.027141423,-0.426513637,-0.408602166,-0.713261663,0.02320684,0.227029237,0.2698586,2.34515063
2.851402353,-1.80935212169219,0.87168477,1.1131274,0.1016085,-0.541116096,2.574240505,-0.92011664,-0.814212632,0.6589269536,0.7223851667,0.395811172,-1.497568223,-1.408602166,-1.713261663,-0.27633939,-0.093991857,-0.28757597,-0.56676155
1.959456719,-1.42859579922706,1.869617732,2.5383267,0.43596338,2.910095585,1.806397733,-0.42571699,-0.6532951,0.2065206525,0.0983558571,-1.600578351,0.748777792,-0.408602166,-0.713261663,-1.48665424,0.598215267,-0.3864527,-1.13982616
0.238222622,0.133077542450609,-1.155028075,-1.0246717,0.26878594,0.323087987,-0.380903484,1.17826121,1.490155272,-0.0443478564,-0.2638040411,0.278117756,0.929994911,-0.408602166,2.286738337,0.35274087,-0.185185292,0.15697055,0.32252927
-1.554107073,2.446298889013,-1.514496483,-2.4498711,0.82735019,-1.794573621,0.599187609,0.978279,0.331695864,-0.3134394754,0.2178800155,1.760135289,-0.147399412,0.591397834,0.286738337,1.29714418,0.083968351,-0.04778857,-0.37144492
-1.398627683,1.10429237452201,-1.700711131,-2.4498711,0.26878594,-1.794573621,-0.422040096,-1.11466048,1.672474311,0.1974672737,0.2548602229,2.079473364,-1.500707864,-1.408602166,-1.713261663,0.4760154,-0.19561001,-0.0758112,1.46641788
-1.398627683,0.133077542450609,-0.377468728,-1.0477391,0.26878594,-0.461023547,0.319750118,-1.28365079,-0.195734038,-0.3055312434,-0.3096119842,-0.02614782,-1.214334284,-0.408602166,-0.713261663,-0.13274846,-0.750146654,-0.0758112,0.22740017
0.503400926,-0.83813728962079,1.258091161,1.1361948,0.1016085,-0.541116096,0.104713687,-0.98223677,0.034755503,0.0099275486,-0.0838105322,-0.203280764,-1.211071118,-1.408602166,-1.713261663,-0.905163,-0.026130889,-0.18169359,-1.01802593
-1.398627683,0.133077542450609,-1.668915597,-2.4729385,0.15864044,0.403180536,-0.846808733,1.07872747,1.502774282,-0.9462795777,-1.1263666414,1.630756766,2.210432523,2.591397834,2.286738337,-0.4268136,-1.237747799,-0.27356466,2.45787481
-1.398627683,0.133077542450609,-1.909781887,-2.5190734,-0.12260088,-1.794573621,-0.826281293,-1.33073014,-1.189401737,-1.4496929982,-1.6864527686,-0.445597472,-1.830958428,-1.408602166,-1.713261663,-1.70708329,-0.895820895,-0.49934075,-1.23659869
1.454415231,0.133077542450609,0.162214803,-2.5421408,0.1016085,-0.226350552,-2.770882168,-1.29420959,0.277483909,-0.2609473871,-0.2186213669,-0.493045791,-0.90329404,-0.408602166,-0.713261663,0.25275696,-0.297607262,-0.49934075,-1.28346122
-0.72123011,0.723536052056879,0.921606115,1.8026596,0.26878594,1.341872516,0.765943446,1.3019322,-1.498015366,-0.286402606,-0.4726802187,0.128813584,-0.426804457,-0.408602166,-0.713261663,-1.26053376,0.350883148,0.69338815,-0.32097017
-1.398627683,0.133077542450609,-1.909781887,-2.4498711,-1.23972938,3.854392217,0.319750118,-0.92317816,-1.478338384,-0.8216785269,-0.646864092,0.581251908,-1.21253409,-1.408602166,-1.713261663,-1.76712545,-0.520767835,-0.49934075,3.13894849
-1.398627683,0.133077542450609,1.117290338,1.1823296,-0.45695575,-1.010462087,0.319750118,-1.29420959,-0.661572101,-0.8255512737,-0.9633951896,0.05393905,-0.755793415,0.591397834,-0.713261663,-0.69922627,-0.119325619,-0.0758112,0.05251686
0.949373743,-1.21889361208592,2.417650949,1.8487945,0.82735019,2.125984051,-1.01128642,-0.90512192,0.531211584,0.5508008919,0.4076900732,-1.195849329,0.653228099,4.591397834,-0.713261663,-1.08651684,0.031194274,-0.39345836,-0.51788078
-0.687476561,0.423324477230975,0.117625704,-1.7834063,0.26878594,1.107199521,-1.524626414,-1.29420959,0.060664909,-0.6264082147,-0.6854154478,0.057154356,-1.052840661,-1.408602166,-0.713261663,-0.82984481,0.414689881,-0.0758112,0.72152486
-0.182435073,1.10429237452201,-1.186647335,-1.7372714,0.26878594,-1.010462087,-1.98793481,0.63725655,1.330240171,0.1712093666,0.1700068199,0.11938185,-1.664532365,-1.408602166,-1.713261663,1.08485107,-0.176828127,-0.06179988,-0.34689507
-0.918901317,0.133077542450609,-0.417262424,-2.4498711,0.04457656,-1.245135082,0.345297692,1.05281148,0.84381412,-0.5542369134,-0.7443106516,-0.317720091,0.526393784,0.591397834,0.286738337,0.53919546,-0.995278595,,0.98031052
-1.1587645,0.814045439741642,1.339769211,-1.8064737,-0.34681025,-1.794573621,1.075620441,1.15332502,1.667660058,-0.226054009,-0.1589643666,-0.106356721,0.964265028,-0.408602166,1.286738337,-0.5407344,0.474220855,-0.27626229,-0.38241802
-0.687476561,-0.547890354840424,-1.494165568,-2.4729385,-0.06556893,-0.380930998,0.801775832,0.32246891,0.288595947,-1.4925241655,-1.8621832337,0.029445041,0.495126094,-0.408602166,0.286738337,1.67573477,0.758859321,-0.02480591,-1.16405077
0.503400926,0.133077542450609,0.408948961,0.4005277,-0.28977831,-0.775789092,0.196569102,-0.0574391,-0.855043376,0.1989643728,0.1795372092,-0.465897096,0.194643716,-0.408602166,-0.713261663,-0.16201932,0.097475753,0.14295924,0.26552342
-0.447613378,-0.83813728962079,-0.137820456,0.4005277,-0.68116513,0.323087987,-1.029604235,-0.10649864,-1.302646802,-2.3323924929,-2.7018999547,1.010980005,1.081799932,-1.408602166,-1.713261663,-1.5117564,0.820762,-0.16305664,-1.10939625
1.454415231,-0.83813728962079,0.899364937,1.1361948,0.1016085,1.107199521,0.825079211,0.06881962,-0.290642971,0.3506161175,0.2211735679,-0.859744357,-0.582245162,-1.408602166,0.286738337,-0.5857919,-0.211179319,0.10145046,-0.5426245
3.381758962,-2.49032001898322,-1.079716464,-0.3351395,0.82735019,3.459534124,1.806397733,0.66895484,-1.864967954,0.8013028183,1.0690191415,-1.251634518,-1.494496118,-1.408602166,-1.713261663,-1.98916516,0.665538091,-0.49934075,-1.23659869
2.851402353,-2.19010844415732,2.463901309,3.2509264,-0.06556893,-1.87466617,-3.094117385,1.41298066,0.574531361,0.6700509494,0.8404454591,-2.432697992,-2.137422533,-1.408602166,-1.713261663,0.62486803,-0.939053305,0.58750576,-0.62854446
-0.687476561,-0.167134032375295,-0.280815382,-1.0708066,0.26878594,-0.461023547,0.554498471,-0.6728997,-0.256328041,-0.8227572468,-1.034368327,-0.066387805,1.162290422,0.591397834,1.286738337,-1.40521789,-0.485585952,-0.28757597,-1.28346122
2.140251231,-0.83813728962079,1.955841774,1.825727,0.43596338,1.811218507,-1.511629949,-1.25224421,-1.341050618,0.8260636648,0.6824583915,-0.781131472,-1.495373497,-1.408602166,-1.713261663,-1.55621335,0.309416944,-0.28757597,-1.18568535
0.238222622,0.433289117276513,-1.136871604,-1.7372714,0.43596338,0.872526526,-1.961414733,-0.94367935,0.04463492,-0.0675340348,-0.4556624703,0.689367488,0.843448897,0.591397834,-0.713261663,-1.30263506,-0.218544208,0.13595358,-0.2820208
0.05742811,-0.457380967155661,-0.590330549,-0.3582069,-0.06556893,-0.226350552,0.319750118,-1.04675717,-1.059988859,-1.5398982918,-1.7265187894,-0.741226274,-1.213000828,-0.408602166,-0.713261663,-1.31704657,-0.238980263,0.13595358,-0.5426245
-1.398627683,0.133077542450609,-1.089985963,0.3774602,-0.45695575,1.107199521,-1.977535198,0.12179438,-0.803678506,-0.521833082,-0.4952875383,-0.293289669,-2.141412035,-1.408602166,-1.713261663,-1.53133139,-0.031383146,-0.16768227,0.17282383
-1.1587645,0.814045439741642,-1.616509865,-1.7372714,0.26878594,-1.794573621,-1.72666638,0.20292946,1.376907091,0.1663008643,0.1663510118,0.020486858,-1.49686833,-1.408602166,-1.713261663,1.21261003,-0.115468818,-0.02480591,1.95374435
-2.349641987,2.07550720659341,-1.699304488,-1.714204,-0.62413319,2.2060766,-0.830688268,-0.98223677,1.082596957,-0.6121669442,-0.9342392056,0.236181241,0.787383144,-0.408602166,2.286738337,1.53685734,0.746938508,-0.0758112,-0.39618864
2.405429536,-1.80935212169219,-0.67046481,-0.312072,-0.68116513,-3.992327778,0.319750118,-1.21057152,-1.125070005,0.7231325278,0.7829035786,0.276480581,-0.259600203,-0.408602166,-0.713261663,-1.15559963,0.885924756,-0.15106228,0.72152486
0.032112988,0.513833864915738,-0.413737052,-2.5421408,0.32581788,-2.029246616,0.009985882,0.82790392,0.5591037,0.4909161746,0.6563276606,0.885475304,1.795448761,1.591397834,0.286738337,0.89179292,-0.101403521,0.35396321,0.40844923
-1.192518049,0.723536052056879,-0.35366571,-0.3812743,-0.12260088,0.637853531,0.054964459,0.5451871,-0.046270531,-0.0090216199,0.142904644,0.236690268,-0.594485241,-0.408602166,-0.713261663,0.86419776,-0.269607066,0.14295924,-0.33975602
-0.422298256,0.423324477230975,-0.152411675,0.4235951,-0.68116513,-5.011112307,0.319750118,1.58913241,0.174640041,0.0313881714,0.0658692588,-0.408719685,-0.291875624,-0.408602166,0.286738337,1.11845657,-0.307980191,0.35396321,1.79651333
-1.398627683,0.133077542450609,,0.4005277,-0.28977831,-1.794573621,0.319750118,-1.11906278,0.387815142,-0.5597459683,-0.6910196579,-0.520461269,-1.830818825,-1.408602166,-1.713261663,0.2999765,-0.461768875,0.06335465,0.95528725
1.189236926,-0.537925714794886,1.019350955,0.4005277,-0.73819707,4.008972664,-1.085100745,0.82809646,-0.540532877,1.2707428163,1.4887465738,-0.316663959,-0.311006281,0.591397834,0.286738337,0.77166635,0.018050875,,-1.23659869
-1.398627683,2.07550720659341,-1.444508332,-1.7372714,0.43596338,-1.794573621,-1.16708447,1.71012021,1.615591003,0.7177034584,0.702836218,0.289134705,0.171343909,1.591397834,0.286738337,1.4965461,-0.799131627,0.1765603,1.4963863
-1.8446005,1.10429237452201,-0.575510968,-1.7372714,-0.12260088,-1.794573621,0.319750118,-0.17148069,1.988049066,-0.5604653068,-0.7641536766,0.250734587,1.084397256,1.591397834,2.286738337,1.09261475,-0.756273112,0.14996489,0.17282383
-0.447613378,2.07550720659341,-1.796928605,1.9641316,0.43596338,2.67542259,0.53478655,1.8907674,2.475272724,-0.2557777145,0.3518078941,0.653698997,1.957529932,0.591397834,0.286738337,1.75909771,0.115964335,-0.04778857,-1.13982616
2.430744657,-2.10956369651809,1.129630389,2.5613942,-0.28977831,5.577195732,0.009985882,0.91948303,-1.08586042,0.9879843747,1.25037098,-2.440719636,-0.58949249,-0.408602166,-0.713261663,-1.91662712,0.172221157,0.03707685,-0.75091208
0.503400926,0.133077542450609,0.207392915,1.825727,-0.90537451,-0.775789092,0.32488878,-1.29420959,0.407251952,-0.4486766827,-0.6223385806,0.907756685,0.557661715,0.591397834,-0.713261663,-0.92573652,-0.120772393,-0.15106228,-0.5426245
2.140251231,-1.21889361208592,1.53353821,-0.3582069,0.82735019,2.440749595,0.53478655,1.8907674,0.538039054,0.0632586662,0.1501146613,-1.291225897,-0.154585336,-1.408602166,-1.713261663,0.97797631,0.023969641,0.2698586,-1.09016282
-1.398627683,0.874660907289791,-1.728596538,-2.4729385,0.26878594,-1.794573621,-0.238242673,-0.82625036,1.554900579,-0.794418105,-1.1514281414,1.832660111,0.354904203,0.591397834,0.286738337,-0.32698581,-0.243718266,-0.39345836,-0.33975602
-0.207750195,1.10429237452201,-1.969523127,-2.4498711,0.66017275,-4.381581219,0.319750118,1.8593846,2.117372185,-0.2200456166,-0.0655037269,1.063319104,1.914449412,0.591397834,2.286738337,1.81344914,0.654013838,0.59451142,2.88393414
1.214552048,-0.547890354840424,2.054320988,2.5613942,0.82735019,0.242995438,-0.328950632,-0.47965623,-1.327380274,1.1675180598,1.4443365229,-1.586870072,1.3413689,0.591397834,0.286738337,-1.13961945,1.192764787,-0.27626229,-1.28346122
1.454415231,0.133077542450609,0.275285236,2.5383267,-0.45695575,4.478318654,-1.276881596,0.74204816,-2.032125132,1.3986760871,1.7421700586,-0.449836974,-0.425725407,-0.408602166,-0.713261663,-1.77586925,1.680951374,-0.15106228,-1.22837399
-0.026955683,-1.20892897204038,1.934659845,2.5383267,0.26878594,-2.189431714,2.977976719,-0.76610465,-0.930206408,-0.4693247898,-0.5910027097,-0.087273154,-0.904050712,-0.408602166,-0.713261663,1.04327509,-1.855330327,-0.0758112,-1.13982616
-0.422298256,0.423324477230975,-0.129809015,1.1361948,0.26878594,-4.931019758,-0.146155131,1.17594399,1.046338345,0.1986439775,0.316245413,-0.948221623,-0.27627541,0.591397834,-0.713261663,1.06267542,-0.473443895,0.2698586,-0.01864276
-0.687476561,-0.547890354840424,-0.786209315,-2.4729385,-0.90537451,-0.461023547,-0.5227644,-0.84862487,0.810494742,-0.7729953444,-0.8048127836,0.431510537,0.524996642,0.591397834,0.286738337,1.44979606,0.071420838,-0.49934075,2.17966666
-2.724519206,1.78526027181304,-0.99241068,-1.0246717,0.82735019,-1.794573621,-1.511629949,0.89304529,1.196283577,0.1458031449,0.0620663134,1.289946009,1.752377843,1.591397834,2.286738337,1.42501298,0.176618045,0.26285294,0.64148053
-1.398627683,0.133077542450609,0.311394702,0.4005277,0.26878594,-1.794573621,0.345297692,-1.19598703,1.136352736,-0.5479544701,-0.7396315447,-0.253675788,1.621329884,1.591397834,1.286738337,0.86454601,-0.965219328,0.14295924,3.07570875
0.684195439,0.723536052056879,-0.482615051,1.8487945,0.32581788,0.792433977,2.617035434,1.07169021,0.894241225,1.3834445789,1.6752907685,1.94751804,0.220763562,0.591397834,-0.713261663,0.31269487,0.618052147,0.36172967,0.1060871
1.454415231,0.133077542450609,1.152140779,0.4005277,0.43596338,0.477668433,0.319750118,-0.99899995,0.449149714,0.0907071231,0.0186906629,-0.344463217,-0.626954686,-0.408602166,0.286738337,0.21190348,-0.307314363,-0.0758112,-1.17817726
1.214552048,-0.83813728962079,-0.730517556,0.3313254,-0.84834256,2.125984051,3.12562014,-1.29420959,0.008452273,-1.1353002405,-1.4936989182,-0.089604167,-1.831622274,-1.408602166,-1.713261663,-0.99106779,0.098476191,-0.28757597,-1.28346122
0.503400926,0.804080799696104,-1.500201566,-1.7603388,0.49299532,-3.442889239,-0.34147964,1.51603156,1.51791359,0.8930025583,1.0596435387,0.129100359,-0.594284611,-0.408602166,-0.713261663,1.67911155,-0.728705093,,0.38304248
-1.003285109,1.11425701456755,-0.129096701,-1.0477391,0.26878594,-1.794573621,-0.827096811,0.70117351,1.956133642,0.5059051289,0.6412861657,1.468914864,0.269517187,1.591397834,2.286738337,2.12882527,0.481732141,0.35472401,-1.28346122
1.214552048,-0.83813728962079,1.321087924,0.3543928,-1.07255194,1.341872516,0.345297692,-1.30604848,-0.494842179,0.0421377945,0.0125522132,-0.45658952,-0.291786358,-0.408602166,0.286738337,-1.02009056,-0.345843302,,0.41584421
-1.398627683,0.133077542450609,-1.860006157,-2.4498711,0.43596338,-1.794573621,-0.645575075,0.86702765,1.203424177,-0.4648894828,-0.6203714058,-0.668613982,-2.140712142,-1.408602166,-1.713261663,2.10638171,-0.452705361,0.48162337,1.57557514
2.140251231,-1.80935212169219,2.72908161,3.2509264,-0.06556893,2.125984051,-0.422040096,-0.29040924,-1.809734211,0.7792222401,0.6228493069,1.228066276,-1.082746646,-0.408602166,0.286738337,-1.63279904,0.335332589,0.24183597,-1.07712306
1.92570317,-1.51910518691182,1.181859244,1.8026596,-0.68116513,1.811218507,-1.969441522,-0.94367935,-1.325366793,-0.3643577778,-0.2515897845,-0.489516815,0.070956786,-1.408602166,-0.713261663,-1.97019975,0.022584947,-0.39345836,-1.18568535
2.61153917,-1.21889361208592,2.185317603,-0.4043417,0.82735019,1.576545511,0.009985882,-1.20908783,-0.459736811,0.353990183,0.3945251647,-2.017978268,-1.493067064,-1.408602166,-1.713261663,-1.23265263,-0.400484508,-0.15106228,-0.50531371
-0.182435073,-0.167134032375295,1.132083513,0.4235951,0.04457656,0.323087987,1.506020891,0.51874667,0.065488876,-0.1499866388,-0.1730415481,0.513111414,1.245556946,0.591397834,2.286738337,-0.4145101,-0.391267668,-0.18169359,-0.01864276
-0.952654866,0.133077542450609,1.021460723,0.4005277,0.26878594,-0.775789092,0.319750118,-1.13822318,-0.480577493,-1.4994017867,-1.5757477548,1.281180892,1.755327043,0.591397834,1.286738337,-1.28484359,-0.323522631,-0.0758112,0.27859745
-0.447613378,0.133077542450609,-0.769244982,-1.0246717,0.43596338,-0.930369538,0.085001765,0.67350327,1.995933081,0.5618987245,0.6875189392,-0.417351618,0.526579574,0.591397834,0.286738337,1.84709276,-1.206254887,,2.60105062
1.454415231,-0.83813728962079,-0.298622167,-1.7603388,-1.01552,-1.87466617,2.151130185,0.24164798,1.068419547,1.0269924494,1.2264310431,-0.17677939,0.473618807,1.591397834,1.286738337,1.10235411,0.240087374,0.1765603,0.29846103
0.478085805,0.143042182496147,-1.135799357,1.1823296,-0.06556893,0.557760982,-0.113914201,-0.51663569,-0.134490455,0.9781176054,1.0635938536,-0.14732798,0.213008652,-1.408602166,-0.713261663,0.28248543,0.152921948,0.03707685,-1.23659869
-0.447613378,0.133077542450609,-0.512216266,-1.0477391,0.43596338,-1.010462087,-0.595939915,-1.29420959,-0.619391785,-0.0252791898,-0.2657442376,0.432087481,-0.743370237,-1.408602166,-0.713261663,-0.13044379,-0.299274679,-0.28757597,-1.17717671
-0.447613378,-0.83813728962079,2.598824046,1.7795922,0.49299532,3.694207119,,-1.30604848,0.184835484,0.8314474847,1.0963494563,-0.297046163,-1.529829366,-1.408602166,-0.713261663,0.22961916,0.455049639,,-1.17817726
3.322690291,-2.20007308420286,2.067839959,0.3313254,0.43596338,3.459534124,1.843950293,-0.5817034,0.861300689,0.6315162296,0.8764867061,-1.084874759,0.369108242,0.591397834,-0.713261663,0.08657941,0.813470278,0.03707685,-0.64338185
-1.398627683,2.07550720659341,-1.227731133,-1.0016043,0.26878594,2.2060766,-2.463152369,1.24903731,2.160561084,0.6447032432,0.93306774,0.700735329,0.924842001,1.591397834,1.286738337,2.22246619,-0.130666488,0.35396321,-0.16930435
0.393702012,-0.83813728962079,-1.202457187,-1.7372714,-0.73819707,4.008972664,-1.961414733,0.86003764,-1.080304614,-0.5096004879,-0.8802231551,-1.485477931,0.42236743,-0.408602166,-1.713261663,-1.27575507,0.598755247,0.14996489,1.80034998
-0.447613378,0.133077542450609,-0.530332856,0.4235951,0.43596338,-0.461023547,-0.242956568,-0.08986476,1.323766921,-0.0372401962,-0.0030646399,0.694083495,2.212179202,2.591397834,2.286738337,0.72398007,0.238594055,-0.06179988,-1.17817726
0.469647377,-0.928646677305553,-0.802014067,-0.2890046,-0.84834256,-3.128123695,0.789246824,1.53155762,1.183430886,-0.5919652461,-0.6916379096,0.508328662,-2.142906868,-1.408602166,-1.713261663,1.96538877,-0.152273356,0.06509948,2.89015315
1.454415231,-1.80935212169219,0.984900817,0.3774602,0.43596338,0.792433977,-0.532261983,0.46993198,-1.410678372,0.1763404201,0.2029212619,-1.221644477,-0.070367933,-1.408602166,-0.713261663,-1.5117564,0.098354914,-0.16768227,-1.23659869
-1.398627683,0.513833864915738,0.108913701,2.5844616,-0.06556893,-2.8934507,1.218359114,-0.74861552,-0.629168701,-0.4241496389,-0.4892828844,1.450057919,0.039617423,-0.408602166,0.286738337,0.01914521,0.631135569,,-0.39618864
-1.398627683,2.07550720659341,-1.811302674,-2.4498711,0.26878594,-1.794573621,-1.98793481,0.95923636,0.97590651,-0.2854753945,-0.2080273965,1.841978217,2.061518018,1.591397834,2.286738337,0.84420044,0.026199454,-0.04985099,2.83408192
-2.109778804,1.41446858939345,1.000393071,1.825727,-0.28977831,-3.128123695,1.512378424,0.64818186,1.08597339,0.2149482388,0.3476222316,0.31944585,0.755140545,2.591397834,2.286738337,1.27069063,-0.21942025,0.26285294,0.44586628
-0.447613378,0.133077542450609,-1.949276502,-2.4498711,-1.40690682,-1.794573621,-0.595939915,-1.20114094,2.873489772,-0.544938218,-0.7523670595,-0.446547379,0.697046491,-0.408602166,-0.713261663,2.27109575,-0.060345573,0.13595358,3.04419793
-1.398627683,1.10429237452201,-2.059109079,-2.4498711,0.1016085,-1.010462087,-1.969441522,-0.99899995,0.273500036,-2.1136263934,-2.9703706769,1.238455909,-2.144268386,-1.408602166,-1.713261663,-0.88511054,0.892898132,-0.28757597,1.98061695
1.719593536,-1.13834886444669,1.939559664,1.825727,-0.84834256,1.341872516,-0.826281293,-1.23248358,-1.7320229,0.4200633671,0.4381490418,-1.012353807,0.483940471,1.591397834,0.286738337,-1.69893516,-1.221479061,-0.28757597,-0.00812594
0.503400926,0.133077542450609,2.381434037,3.2509264,0.82735019,4.478318654,3.007221289,-0.27711047,-2.470113901,1.7106128152,2.0509793025,-0.354145098,-0.109903606,0.591397834,-0.713261663,-0.82818293,0.699071143,,-1.23659869
0.503400926,-0.83813728962079,-0.430781395,1.1131274,0.26878594,1.18729207,-1.16708447,0.90868813,-0.154620766,0.749067873,1.1514988194,0.091560138,-1.02811517,-1.408602166,-0.713261663,0.68851955,0.127495927,0.03007119,0.70636577
0.116496781,0.133077542450609,0.744168732,-0.3812743,0.82735019,-1.010462087,0.279910203,-1.23248358,-0.160429906,-0.8560753075,-1.0957459198,-0.09173042,0.839074808,-0.408602166,-0.713261663,-0.4266405,0.071826982,-0.15106228,-0.59774453
0.528716048,-0.547890354840424,-1.640502928,1.8949293,0.49299532,-0.461023547,-0.844765659,-1.29420959,-0.918955845,0.2372568813,0.2859285524,-0.894566118,-1.662641587,-1.408602166,-1.713261663,-0.04046422,-0.581739422,0.03007119,-0.63748531
0.503400926,0.133077542450609,0.701042467,0.3313254,-0.84834256,-0.541116096,-1.511629949,0.44341988,-0.66148976,0.4544928032,0.652578238,-0.220305531,-0.258673812,-0.408602166,-0.713261663,-0.97494077,0.555973217,0.28976595,0.37172693
0.949373743,0.423324477230975,-1.139417516,-1.0016043,0.43596338,-1.794573621,0.196569102,1.71121829,0.56558076,1.1386254933,1.559714836,1.08360211,-1.015370931,-0.408602166,-1.713261663,0.10028036,1.335097426,0.16397621,1.66278072
1.454415231,0.133077542450609,-1.518655906,-2.5421408,-0.12260088,3.539626673,0.319750118,0.33746363,1.406965796,0.2581243043,0.2347402791,-0.095772349,-1.60607453,-1.408602166,2.286738337,1.2990971,-0.701123194,-0.02480591,-0.88773957
2.851402353,-1.21889361208592,1.396843904,1.825727,0.26878594,2.910095585,1.516876678,-1.20908783,-0.226982931,0.5596773884,0.4593342877,-2.066029002,-0.087752345,-0.408602166,-0.713261663,-0.70383295,-0.71804898,0.34771835,-1.22837399
-1.398627683,2.07550720659341,-1.811302674,-2.4498711,0.43596338,-2.578685155,-1.495509484,-0.08145072,1.571843244,-0.7658547014,-0.9469547457,1.319972368,0.278558441,1.591397834,1.286738337,0.92136092,-0.246739675,-0.28757597,1.69623434
-0.182435073,0.804080799696104,-1.307375972,-0.2890046,0.26878594,-2.34401216,-1.977535198,-0.35147986,0.82056517,0.6978087773,0.7904460077,-0.164247249,-2.141652669,-1.408602166,-1.713261663,-0.30126848,0.345329255,-0.18169359,1.56432713
0.503400926,0.133077542450609,1.523990343,1.8718619,0.43596338,2.755515139,2.100417043,-1.29420959,-1.280478642,0.9905909654,1.1800082443,0.251555676,1.691606564,3.591397834,2.286738337,-1.70405315,-0.960814035,-0.39345836,-0.49201792
-0.207750195,1.10429237452201,1.504828335,1.1361948,-0.06556893,2.910095585,-0.304917016,1.2857242,0.413731035,1.4394475461,1.7512523711,0.281574728,-1.072218147,-0.408602166,-0.713261663,1.54298799,0.290562243,0.24884162,0.15579393
-0.447613378,1.10429237452201,-1.307375972,-2.4498711,-0.06556893,-1.794573621,-1.409821659,0.69595564,1.504102627,-0.3812840546,-0.4697179927,0.775462428,0.426628621,-0.408602166,2.286738337,1.28323443,-0.443897543,-0.18169359,0.92332379
-1.398627683,0.133077542450609,2.314574117,2.5383267,-0.28977831,3.694207119,0.345297692,1.26870116,0.425809263,0.0149931447,-0.048768777,-0.449602615,-0.593205464,-0.408602166,-0.713261663,0.26256269,1.138120272,0.51617724,-0.93068719
-0.712791683,0.133077542450609,0.408948961,0.4005277,-0.06556893,-2.34401216,1.179640321,0.96361571,1.362216721,0.1021125906,-0.0364991154,0.979972515,0.43790857,1.591397834,2.286738337,1.20800118,-0.343612647,0.03707685,0.44586628
1.214552048,0.423324477230975,-0.152411675,1.8487945,-0.06556893,-4.461673768,1.807043131,1.57851498,0.08439085,1.6626745592,2.0288598925,0.076697379,-0.311739809,0.591397834,0.286738337,1.25553948,-0.725729106,0.79927054,0.84494067
1.959456719,-1.42859579922706,1.227717203,1.1131274,0.26878594,3.459534124,-1.204987453,-1.28365079,0.083393795,0.3366432691,0.2932204937,-1.080934879,-0.53951602,-1.408602166,-1.713261663,-0.74459685,0.776788642,-0.15106228,0.01661778
-1.398627683,3.04672203866481,-2.009333348,-2.4498711,0.43596338,-1.794573621,-3.094117385,-1.20908783,2.365834984,-0.5380758136,-0.7322740107,2.021349194,-0.153717173,-0.408602166,0.286738337,2.48568308,-0.113075577,-0.18169359,2.5110743
-0.952654866,0.133077542450609,-0.377468728,-1.0708066,-0.28977831,0.872526526,1.721057323,-1.30604848,1.298302813,-0.3965326921,-0.3629100867,-1.07788464,-1.829779359,-1.408602166,-1.713261663,1.60892668,-0.07890327,0.40297159,-0.50048691
1.454415231,0.133077542450609,-2.059109079,-2.4498711,0.82735019,4.873176747,-3.16494101,2.03247571,-0.600179864,1.4327020175,1.8480181726,1.660983624,2.238098662,1.591397834,1.286738337,-1.97608935,0.925294914,0.37574099,2.8289622
0.238222622,0.433289117276513,0.213455319,1.1361948,0.26878594,-2.34401216,1.235440152,0.53154778,1.305645445,-0.001373681,-0.2317972641,0.344151931,0.209159301,-0.408602166,0.286738337,0.36113036,0.043682811,-0.02480591,-0.11434538
-1.1587645,1.48504869698714,-0.415552263,-1.0708066,0.66017275,1.107199521,2.36257516,0.88128312,1.704345967,0.6846711949,0.8457349488,1.359834311,1.069200705,3.591397834,2.286738337,1.6167201,0.501178998,0.36873533,-0.97949915
-0.207750195,0.814045439741642,-1.155028075,0.4005277,0.66017275,-3.442889239,0.360907261,1.61229995,-1.871550958,0.1715638981,0.5119992629,-0.227535518,-2.141534651,-1.408602166,-1.713261663,-0.37712357,0.212013045,0.37574099,-1.18568535
0.503400926,1.10429237452201,-1.47610316,-1.0246717,0.26878594,-1.794573621,-1.409821659,-1.29420959,1.611702607,1.4676616385,1.7811888654,0.421275395,0.653111529,-0.408602166,1.286738337,1.19664143,0.356466231,-0.18169359,0.29846103
0.949373743,0.433289117276513,-0.769244982,-1.7603388,0.82735019,-3.128123695,0.889229876,-1.29420959,0.250487655,0.6212763487,0.6310181792,0.081643457,-1.831941611,-1.408602166,-1.713261663,0.13187091,0.488504265,-0.28757597,-1.23659869
0.768579231,-0.547890354840424,-0.561991996,-0.2890046,-0.06556893,1.65663806,-0.5227644,-1.13822318,-1.240546575,0.7202179361,0.8002601024,0.52610827,-1.382843733,-0.408602166,-0.713261663,-1.46843513,0.810173923,-0.39345836,-1.06110516
-0.447613378,0.133077542450609,-0.26440986,-0.312072,-0.84834256,-1.794573621,1.235440152,-0.5817034,0.423833741,-1.2191713811,-1.4979895492,0.238727334,1.161721453,0.591397834,1.286738337,0.31586711,-0.489918946,0.14295924,0.83612561
-1.398627683,0.423324477230975,-0.925321958,-2.4960059,-0.12260088,0.088414992,0.819758846,0.04571873,-0.034654154,-0.5200891082,-0.7111812896,0.400627328,0.33861562,1.591397834,0.286738337,-0.17654562,-0.266639741,0.03007119,0.31952701
1.454415231,-2.78056695376359,2.877007001,3.2509264,0.1016085,4.478318654,0.319750118,-1.28365079,-2.475246604,-0.5857126866,-0.9581390838,-1.244843197,-0.323869609,-0.408602166,1.286738337,-2.54873012,-0.228099898,-0.15106228,-1.23659869
-1.003285109,-0.157169392329757,-0.363961322,0.4466625,0.32581788,-3.992327778,1.179640321,-0.87290325,1.148123978,0.10630372,0.1216656815,0.300523345,0.667930872,0.591397834,0.286738337,0.88673452,-0.542328333,-0.17468793,-0.39482923
-1.398627683,2.07550720659341,-1.236423066,-1.7372714,0.26878594,-1.794573621,-2.287381334,1.01399674,1.043202561,0.3874562926,0.2939570623,1.279167539,0.025341926,-1.408602166,1.286738337,1.08814576,-0.288810244,0.14996489,2.92048238
0.503400926,-1.12838422440116,1.339769211,1.1131274,-1.01552,-0.541116096,1.21572823,-0.95867407,-0.578518146,-1.0614450327,-1.2388479573,-1.216677536,0.034394786,0.591397834,-0.713261663,-1.80276925,-0.00903945,0.24183597,0.1389854
0.74326411,-0.157169392329757,1.897651391,1.8026596,-0.06556893,2.990188134,2.574240505,-1.3280444,-0.944761234,0.1760997224,0.1165655232,-0.561897317,1.796681945,-1.408602166,1.286738337,-1.0706341,-0.602835121,-0.28757597,-0.99253892
-1.638490866,0.133077542450609,-0.001311242,2.5152593,-1.07255194,-1.794573621,0.319750118,0.37775499,-2.423980448,-0.7597802581,-0.8973974751,-0.218830351,-0.548421325,1.591397834,-1.713261663,-1.0870273,0.107700601,0.34771835,-1.23659869
0.503400926,1.10429237452201,1.000393071,-0.3582069,-0.06556893,-0.226350552,-0.532261983,-1.23248358,-0.640540043,1.3236762759,1.288920857,1.206578707,1.618606847,1.591397834,1.286738337,-0.21692958,0.709793677,-0.28757597,-1.23659869
-0.447613378,2.07550720659341,-1.167902235,-1.7834063,0.43596338,0.323087987,-0.5169351,-0.73304431,1.751838901,1.084784215,1.224440747,0.30055461,0.643141163,0.591397834,0.286738337,1.70723249,0.458468157,,-1.05528157
1.39534656,-1.21889361208592,0.151036655,0.4005277,0.1016085,2.2060766,0.562280447,0.94572045,0.313462,-0.3713065962,-0.3051187549,-0.328459807,0.009380786,-0.408602166,1.286738337,-0.34424724,-0.421289701,0.48862903,1.38494216
-0.868271073,-1.13834886444669,1.512988404,1.0900599,-1.23972938,-2.109339165,0.054964459,-0.80212716,-2.125760785,-2.3034539791,-2.7987907345,-1.505063429,0.321744467,-0.408602166,1.286738337,-1.70405315,-1.092983999,-0.06179988,-0.44926368
-1.398627683,0.133077542450609,-1.812474056,-2.4498711,0.82735019,-1.794573621,-1.085100745,-0.21069694,0.213996572,-0.9607199624,-1.1821547896,1.504969482,1.631178754,-0.408602166,1.286738337,0.08202811,1.272384053,,0.95528725
1.189236926,-1.12838422440116,0.402480732,-0.3582069,0.82735019,-2.34401216,-1.450812089,1.43018982,0.099094482,-0.2270704664,-0.468305643,1.169473998,0.191594127,-0.408602166,-0.713261663,-0.74431192,-0.407636637,0.05809382,-1.22837399
0.263537743,-0.547890354840424,2.294128252,1.2284645,0.26878594,2.910095585,-1.16708447,-1.29420959,-0.993848882,0.1071746451,0.1345838608,-0.557301321,-1.830750127,-1.408602166,-1.713261663,-0.71075971,0.481410996,0.03007119,-1.23659869
-1.133449378,-0.167134032375295,-1.037320143,-1.7372714,0.66017275,-1.245135082,0.749822981,1.8907674,-0.319157825,-0.8145829799,-1.0836485534,0.175111216,0.075548066,-0.408602166,-0.713261663,-0.5051665,-2.327919007,0.37574099,-0.28552496
-3.174080523,0.00392010294869383,1.241628574,1.825727,0.26878594,0.477668433,1.075620441,-1.33073014,1.534208733,0.6532301244,0.8301060663,-0.971016585,-1.212572322,-0.408602166,-0.713261663,1.11322412,0.098354914,-0.39345836,-1.17817726
-0.422298256,0.423324477230975,-1.646751267,-1.0016043,0.82735019,0.323087987,0.319750118,-1.29420959,1.92284651,0.4981491281,0.7611515998,0.694764301,-0.939062193,-0.408602166,0.286738337,1.5979783,-1.463952847,-0.28757597,-1.17439458
-1.398627683,0.133077542450609,-0.862479694,0.4005277,0.66017275,-0.226350552,1.222857368,0.5019391,-2.030127391,-1.0861068556,-1.1620972778,1.166598125,1.416216649,2.591397834,0.286738337,-1.28513201,0.85244183,0.06335465,-0.91084889
-1.398627683,0.133077542450609,-0.319029022,-0.312072,0.1016085,-2.34401216,-0.595939915,-0.84948158,-0.995049259,-0.2023776376,0.0175681424,1.34303215,0.154784465,0.591397834,1.286738337,-0.41746016,-0.968047761,0.13595358,-1.23659869
1.454415231,0.133077542450609,-0.780592385,-1.0477391,0.15864044,-1.010462087,0.32488878,1.03465408,-1.422219531,0.2869855203,0.0033018009,1.683581011,0.455555497,0.591397834,2.286738337,0.32310981,-0.724598777,-0.0758112,-1.17817726
1.454415231,0.133077542450609,0.895062011,-2.6344105,0.43596338,4.478318654,1.595227013,1.71800832,-1.049938952,1.5238610897,1.7705405199,-0.607991937,1.233053377,-0.408602166,3.286738337,0.2697511,1.592323078,0.05108816,-0.97949915
2.405429536,-0.83813728962079,1.586041313,1.0900599,0.43596338,1.341872516,0.13321427,1.5070056,-2.124689202,0.5685091561,0.4442574031,0.119309961,0.170194761,-1.408602166,1.286738337,-2.01353657,-0.996908726,-0.0758112,-1.18568535
-1.398627683,0.133077542450609,-1.837915047,-2.5421408,-1.01552,0.403180536,-1.890337759,-0.83780298,1.556900772,-2.1270915513,-2.5255211455,1.350159758,-2.144476688,-1.408602166,-1.713261663,2.15616635,0.676797309,,3.20910485
2.405429536,-1.80935212169219,0.472243663,0.3543928,-0.34681025,4.478318654,-2.427319982,-0.2137362,-2.198025604,0.5077478611,0.8119867915,-0.959943762,-0.592253795,-0.408602166,-0.713261663,-2.25381081,0.947609877,-0.15106228,-1.23659869
-0.687476561,-0.547890354840424,-0.462440535,0.4235951,0.43596338,-1.559900626,-1.16708447,-1.08455731,-0.852847196,-0.4769556859,-0.8125578357,0.660903285,1.05473024,-0.408602166,-0.713261663,-1.42023501,0.212027529,,-1.23659869
-0.893586195,0.133077542450609,0.007455091,-1.8526086,0.15864044,-1.794573621,1.807043131,1.52245272,-1.21586227,-0.1304533424,0.0659339731,-0.439309868,-1.830970153,-1.408602166,-1.713261663,-0.63185642,0.825771718,0.03707685,-0.99383372
-0.868271073,0.413359837185437,-1.398196981,-1.0246717,0.26878594,-1.010462087,0.319750118,1.29948779,-0.22151067,0.0120617239,0.3066302087,0.246818671,1.161706364,0.591397834,1.286738337,-0.2706387,0.561145294,0.06335465,-1.01660715
1.694278414,-2.09959905647255,2.731382363,3.2509264,-0.23274637,3.459534124,1.494543219,-1.29420959,-2.395070173,-1.5334868542,-2.1700752535,-2.920354752,-1.175384095,-0.408602166,-1.713261663,-2.09207591,1.030348294,-0.39345836,-1.18568535
0.263537743,1.39453930930237,-1.202457187,-1.8064737,0.32581788,-0.226350552,2.151130185,1.83851845,-1.309997764,0.5977972287,0.8651927612,-0.821555465,-1.327818497,-1.408602166,-1.713261663,-1.21288239,1.358203407,0.70039381,-0.49381254
-1.133449378,0.804080799696104,-1.139417516,-1.7372714,0.26878594,-1.794573621,0.319750118,0.6781941,1.09521552,-1.6431521251,-1.9726882612,1.494353024,0.479266043,1.591397834,0.286738337,0.5368848,0.396576482,-0.06880554,0.96521712
0.503400926,1.10429237452201,-0.572193107,-1.7603388,0.1016085,6.126634271,-0.5227644,0.95922939,-0.175412158,1.4601689867,1.7669820221,0.852198226,1.284308446,1.591397834,1.286738337,0.64973824,1.2241339,0.35472401,-1.16304301
-1.398627683,2.07550720659341,-1.095790379,-1.0016043,0.66017275,-2.34401216,-0.572636536,-0.52102824,0.940762647,-1.3106836437,-1.5652474881,1.417362858,1.589059307,3.591397834,0.286738337,0.39928548,0.111613034,0.28976595,0.30486062
-1.398627683,0.133077542450609,-0.93884093,-1.0246717,0.26878594,-0.226350552,1.235440152,1.26870116,-1.208628284,-1.0385698475,-1.3589502844,-1.114999773,-1.829710148,-1.408602166,-1.713261663,-0.41098731,-0.117533307,0.1765603,0.41419157
1.694278414,-0.157169392329757,1.172944589,2.5613942,0.32581788,4.243645659,0.349795946,0.90695628,0.805496937,1.5960999528,1.9007464542,-1.223273522,1.544656512,-0.408602166,-1.713261663,0.32151316,1.45493825,,-0.33433691
1.189236926,0.433289117276513,-1.307375972,-0.2428697,-1.23972938,8.324388428,1.134661744,-0.79148084,0.334447619,0.7167284063,1.3243277565,1.549474948,0.669966691,-1.408602166,1.286738337,1.2476404,0.404496852,-0.0758112,-0.67735641
0.503400926,-0.83813728962079,1.227717203,3.2509264,0.26878594,1.341872516,-1.228761537,-0.27550882,-0.993284585,0.6336026834,0.6656318172,-1.300259124,1.167524161,-0.408602166,0.286738337,-1.49083094,0.117958808,-0.28057032,-0.80949019
-0.918901317,0.133077542450609,-1.909781887,3.4354659,-1.01552,-1.794573621,-3.343010015,-0.45793565,0.723440316,-1.8091926993,-2.2921726944,-0.225880059,-1.347888287,-0.408602166,-1.713261663,-0.86876438,-0.11913456,-0.0758112,0.20016164
-0.447613378,0.133077542450609,-0.723765912,-1.0246717,0.26878594,-1.010462087,-2.212283551,-0.11952241,1.028253248,-0.620274437,-0.7083670617,-0.21428622,2.066818308,4.591397834,1.286738337,0.84316591,-0.845515571,-0.06880554,0.96800656
1.214552048,-1.80935212169219,1.196387667,2.5383267,-0.12260088,1.341872516,-0.572636536,0.57792229,-1.19931448,0.1288677215,0.1193538949,-2.09439941,0.049159871,-1.408602166,-0.713261663,-1.35450854,1.149561402,-0.06880554,-0.34737668
0.684195439,0.433289117276513,0.192464363,-2.4498711,0.66017275,-1.794573621,0.32488878,-0.78769294,0.450483227,0.8158412419,0.9995308633,0.411382289,1.337642621,0.591397834,0.286738337,1.03046826,-1.052456427,-0.18169359,0.32252927
-1.133449378,1.48504869698714,-1.32942984,-2.4498711,0.43596338,-1.794573621,-3.343010015,0.54223953,0.765274318,0.4174719978,0.5351709637,2.166997346,1.080823869,1.591397834,2.286738337,0.7724271,-0.555832076,0.10145046,-0.2797449
1.008442414,-0.157169392329757,-0.688269932,1.8026596,-0.84834256,6.75616536,-0.645575075,0.77541062,-0.750743719,1.2476504261,1.7066901953,0.312012116,0.594972467,-0.408602166,2.286738337,-1.3344005,0.639482215,0.36873533,-1.07712306
0.74326411,0.133077542450609,0.748160259,0.3082579,-0.06556893,3.459534124,3.007221289,0.17127646,-1.770605108,-0.8145246407,-0.9381705959,-0.112324433,-0.373842635,-1.408602166,-1.713261663,-0.6041231,0.554317291,-0.39345836,-0.09476302
-0.712791683,1.40450394934791,-1.30039657,-0.3351395,0.1016085,-1.794573621,-2.212283551,-1.20908783,1.754524483,-0.3022487406,-0.2850476629,1.31071294,0.460649495,2.591397834,0.286738337,1.68456007,-0.597093698,-0.28757597,2.23327225
3.35644384,-2.78056695376359,2.595915683,3.2509264,0.32581788,4.478318654,-1.16708447,1.19325594,-2.006870856,0.4289015702,0.5653056324,-1.710983577,-0.280683692,-0.408602166,-0.713261663,-1.54409463,0.849935878,-0.16067661,-1.23659869
-0.4729285,0.133077542450609,-1.014879819,-2.5652082,-0.68116513,-1.794573621,1.704936858,0.43987509,-0.794636355,-0.7377077355,-0.7101194365,0.014684098,0.473261772,1.591397834,1.286738337,-0.30985912,0.206074519,0.22770683,0.95528725
1.214552048,-2.49032001898322,2.517202411,3.2509264,-0.23274637,-6.974193469,-0.126443209,0.79061847,-2.08198289,-0.7804322942,-1.2513748714,-0.382429339,-0.041312568,-0.408602166,-0.713261663,-1.91025959,0.496892803,-0.04985099,-1.09016282
-0.918901317,0.733500692102416,-1.100255462,-1.714204,0.26878594,-2.34401216,-1.405323405,-1.22086666,0.811432522,0.2202079256,0.2065005033,0.871518628,0.301286552,-0.408602166,0.286738337,0.5393708,-0.292996431,-0.15106228,0.29846103
0.074304804,-0.457380967155661,-1.579538595,0.4235951,0.49299532,-3.282704141,0.634818748,1.75769544,2.634240902,-0.6905745244,-0.5802002629,-2.387455121,0.582479328,-0.408602166,4.286738337,0.18438125,-2.214706728,0.35396321,2.07891634
1.454415231,0.133077542450609,-1.133227678,-2.4498711,0.43596338,-1.794573621,0.183232738,0.06661434,1.84403708,1.3908440264,1.7450277684,1.146882252,-1.833928035,-1.408602166,-1.713261663,1.85834442,1.68431608,-0.49934075,-1.28346122
-1.398627683,0.133077542450609,-1.289724168,1.1592622,-1.23972938,-2.424104709,-3.108261662,-0.80172408,-0.955261088,-0.551893422,-0.5967863059,-1.117896909,-1.20936557,-1.408602166,-1.713261663,-1.21094508,0.879505315,-0.0758112,-0.66775574
-1.398627683,2.07550720659341,-1.903719087,-1.7372714,-0.84834256,-1.794573621,0.319750118,-0.40205469,0.881599374,-0.2633829276,0.0750913626,1.124131175,-0.065978751,-1.408602166,-1.713261663,0.81853196,-0.197173392,0.1765603,-0.41271677
0.503400926,1.10429237452201,-1.903719087,-1.8064737,0.1016085,4.323738208,2.851783787,-1.09575086,0.875061278,0.9986802971,1.1868081387,0.439154134,-0.259903551,-0.408602166,-0.713261663,0.08653547,0.368009662,,2.01737377
-0.182435073,0.513833864915738,0.260694017,-1.0708066,-0.06556893,0.557760982,1.516876678,-1.13822318,-0.433119567,0.4611707308,0.7599790662,-1.307468817,-0.275605497,0.591397834,-0.713261663,-0.34947475,0.559943128,-0.18169359,-0.2624257
-0.687476561,0.133077542450609,-0.786209315,-0.312072,-0.90537451,-1.010462087,1.235440152,1.0690157,-0.573999103,-1.3709977268,-1.4688007042,-0.633151313,-0.741383813,-1.408602166,-0.713261663,-1.8468619,0.527834965,0.03007119,2.23327225
1.454415231,-1.51910518691182,1.659573243,1.825727,-0.06556893,-1.559900626,2.034391862,-1.23402562,0.336857508,-0.0525144087,-0.0866867843,-1.250792335,-1.360571231,-1.408602166,-0.713261663,1.33813897,-0.191403387,0.1765603,-1.10939625
-2.143532354,1.69475088412828,-0.157671114,0.4235951,-0.68116513,0.637853531,-0.380903484,-0.11928023,0.105981129,-0.4771967238,-0.5902010337,-0.265121576,0.191336462,0.591397834,0.286738337,0.40981471,-0.669367625,0.03707685,1.42930987
0.141811902,0.584413972509425,-1.415241324,0.4005277,-0.28977831,-3.36279669,0.085001765,1.52005555,-1.06395288,0.0895367596,0.2054215026,-0.400419853,-0.112750169,1.591397834,0.286738337,0.09419002,-0.889699673,0.34771835,-1.23659869
-0.918901317,-0.447416327110123,-0.089116973,-1.7603388,0.04457656,3.539626673,-1.703840968,2.03247571,-0.161316513,-0.878978157,-1.1319539262,0.560809768,0.944061924,0.591397834,1.286738337,-0.62062797,-0.163614359,0.35396321,0.37172693
-0.447613378,-0.167134032375295,-0.314185591,1.8949293,0.26878594,-1.794573621,0.085001765,1.42056799,-0.002391434,-0.6409354701,-0.8109616738,-0.156001394,2.375413376,1.591397834,2.286738337,0.69399678,-0.772370504,0.69338815,-1.13982616
-0.241503744,-0.24767878001452,-0.862479694,0.4005277,0.04457656,-0.695696543,0.639317002,1.23125286,1.37375248,0.7397457531,0.7766472076,0.433475548,-1.215191375,-0.408602166,-0.713261663,1.13456507,-0.558998026,0.35472401,-0.75091208
-3.481450804,2.75647510388444,1.70343775,3.2509264,0.32581788,-6.109989386,1.704936858,-1.21057152,2.354326476,0.8686715978,1.1408495044,1.506686707,2.204833228,1.591397834,2.286738337,2.14945774,0.488336142,-0.15106228,-0.51411202
-0.422298256,0.123112902405071,0.604286292,1.8026596,0.15864044,-0.541116096,-0.206049405,-0.58458112,-0.4837852,-2.054199474,-2.2928749292,0.534500638,-0.536697777,-0.408602166,-1.713261663,-1.16379077,0.442863513,-0.49934075,-1.26596851
-0.026955683,0.513833864915738,-0.965599822,3.3431961,-0.90537451,-1.325227631,-2.824193063,0.18179544,1.806297592,1.2338840534,1.7095006034,0.920500435,-1.842269397,-1.408602166,-0.713261663,2.60803943,0.921823529,-0.38946793,1.30229715
-0.182435073,-2.78056695376359,1.493940063,3.2509264,0.49299532,-0.775789092,0.319750118,1.29824053,-0.85606097,-2.7445636056,-3.4270769664,-1.508097258,-0.281062028,-0.408602166,-0.713261663,-0.90474519,0.2903198,-0.39345836,-1.23659869
-1.398627683,0.133077542450609,-0.533763691,0.3774602,0.1016085,0.242995438,3.516605003,1.00853467,-0.242726521,0.3149958506,0.3795248605,-0.748792937,-0.592647543,-0.408602166,-0.713261663,-0.62694064,-1.108149271,-0.3864527,-0.7265675
-1.398627683,0.804080799696104,-1.110851721,-2.4729385,-0.84834256,-0.461023547,-0.807384889,-1.09761988,1.208589866,0.14946563,0.1349897725,0.421515128,1.930240396,1.591397834,1.286738337,0.39554637,0.641708423,-0.15106228,-0.43008512
-0.447613378,-1.80935212169219,0.355914265,0.4005277,-1.40690682,-1.794573621,0.319750118,1.19729692,-0.257764446,-0.2252440823,-0.1281534119,-0.912495443,-1.519918184,-1.408602166,-1.713261663,0.87532053,0.454939896,0.1765603,-1.18568535
-2.854683475,0.133077542450609,0.433468777,0.4005277,-1.40690682,-1.010462087,-1.296593517,-0.7809702,-2.084857518,-2.3196752343,-2.9482623559,-1.124755015,-1.829691957,-1.408602166,-1.713261663,-2.48272944,-1.344162509,-0.27626229,-1.22837399
0.238222622,-0.537925714794886,1.281410705,0.3774602,-0.12260088,-2.109339165,-2.192571629,-0.70443494,-1.360870401,-0.2351171481,-0.2350486602,0.841041612,1.03543533,0.591397834,-0.713261663,-1.63714463,0.638116018,-0.18169359,-1.26596851
-0.001640561,-0.537925714794886,0.408948961,1.1361948,0.49299532,-2.658777704,0.085001765,-1.04268743,0.257555068,-0.2351474288,-0.2350712129,-0.584140334,-1.663220459,-1.408602166,-1.713261663,0.87731112,-0.531209525,-0.15106228,-1.17817726
-1.398627683,0.133077542450609,0.355914265,0.4005277,-0.12260088,0.557760982,-0.595939915,-0.3809959,-0.610671248,-0.2625694563,-0.6979179919,-0.390632314,-0.741836055,-1.408602166,-0.713261663,-0.51690687,0.240028551,-0.15106228,0.41419157
-0.447613378,0.133077542450609,-0.979978313,-2.5190734,0.32581788,-0.226350552,2.619219082,-1.1001981,0.316861264,-0.2345776095,-0.258099858,-0.396675371,-1.739439872,-1.408602166,1.286738337,-0.19654294,-0.770801226,-0.18169359,0.44586628
1.214552048,-1.80935212169219,2.239355638,-0.3812743,0.26878594,2.360657046,-2.427319982,-0.99899995,-1.764731342,0.6127837685,1.1525231715,-1.166090318,-1.212208555,-0.408602166,-0.713261663,-1.62551381,1.019150721,0.13595358,-1.23659869
0.768579231,-1.13834886444669,0.112439073,1.8487945,-0.84834256,0.557760982,0.554498471,-0.86159652,-0.194748058,0.0487423682,0.0956623061,-0.449168584,-0.903375861,-0.408602166,-0.713261663,-0.88776067,-0.111058012,-0.18169359,-1.18568535
0.263537743,0.133077542450609,-0.441948064,-1.0016043,0.04457656,-1.010462087,-0.146155131,-1.23248358,-0.115818033,0.0731363785,0.0513907003,-0.119106268,0.193997032,-0.408602166,-0.713261663,0.20590818,-0.36743747,-0.0758112,-0.05693789
0.503400926,1.10429237452201,-0.615293098,-2.4498711,-0.68116513,-1.010462087,0.319750118,0.25457054,0.597730591,0.1988098492,0.1331693216,0.514265605,-1.497789113,-1.408602166,-1.713261663,0.71686875,-0.497914,0.35472401,2.52749494
-1.373312561,0.71357141201134,0.921411572,0.4235951,-0.28977831,-4.146908224,1.020403721,0.53365339,1.348398115,0.1557863071,0.3042987992,0.359930547,0.332860853,0.591397834,0.286738337,1.1134001,-0.119515413,-0.06179988,0.48947306
1.479730353,-1.51910518691182,1.195378215,1.0900599,-0.06556893,1.891311056,-2.877104766,-1.29420959,-0.810933534,-0.0950062722,0.186599124,-2.412920377,-0.273544085,0.591397834,-0.713261663,-0.68201211,0.776088847,-0.15106228,-1.16405077
-1.554107073,1.48504869698714,1.045951061,3.2509264,0.1016085,0.872526526,2.283475963,1.53577824,1.940456398,0.6211130878,0.8206989555,1.850703416,1.22993431,2.591397834,2.286738337,2.85161921,0.269274674,-0.27626229,0.41289347
0.503400926,1.10429237452201,-1.133346233,-2.4498711,-0.06556893,-1.794573621,-0.830688268,1.17434383,1.568983065,0.3560271835,0.4200132862,0.484717284,2.225697959,0.591397834,2.286738337,0.6999025,0.483935235,0.25584728,1.47018663
1.900388048,-1.21889361208592,1.938512336,2.5152593,0.1016085,-0.461023547,-1.280473052,0.18286121,-0.319867675,1.0064021655,1.2668083599,-0.948586387,-0.070877123,-1.408602166,-0.713261663,-0.38198925,0.246311875,-0.06880554,0.23660931
-1.398627683,0.133077542450609,-0.004156731,0.4005277,-0.84834256,0.323087987,-0.529862761,0.92849651,1.104408012,-0.5312598935,-0.601392032,-0.408750012,-1.529621064,-1.408602166,-0.713261663,0.38377019,0.135474325,0.05809382,0.78892248
1.214552048,-0.547890354840424,2.391703535,1.8026596,-0.84834256,4.243645659,2.342863238,0.56411189,-1.834221014,0.5042113326,0.6695051988,-1.802557234,0.029656659,-0.408602166,-0.713261663,-0.25991785,-2.188185798,-0.27626229,-0.41271677
-0.56575072,-0.418732915338509,-0.424175346,-1.0246717,-0.84834256,-0.146258003,0.360907261,-1.09966575,1.604284811,-0.7182304812,-0.6182454745,-0.456198331,-0.601956675,-0.408602166,0.286738337,2.18111069,1.397632085,-0.15106228,0.26014678
-0.447613378,0.133077542450609,-0.152411675,-0.2890046,-0.68116513,-2.34401216,1.179640321,1.18449106,-0.412873402,-0.1131092773,-0.0417511337,0.496945426,-0.29356448,-0.408602166,0.286738337,-0.68122679,-1.031864924,0.15697055,-0.3155315
-1.398627683,1.10429237452201,-1.886886127,-2.4498711,0.82735019,-1.794573621,-2.404016603,-0.18150598,1.428839886,-0.6597801269,-0.7778852018,2.087127036,0.435843983,1.591397834,2.286738337,1.06890357,-0.280907439,-0.49934075,0.66585921
0.74326411,-0.157169392329757,-0.967489573,-1.0246717,0.82735019,-3.36279669,0.639317002,1.45684693,1.112296762,1.0587372637,1.2112997869,-0.959552574,-0.902424112,-0.408602166,-0.713261663,2.30400614,-0.995931449,0.37574099,-1.23659869
1.008442414,0.133077542450609,2.323593111,-2.6344105,-0.12260088,4.243645659,1.179895844,-0.12062734,-0.962240387,1.0395538791,0.9174878104,-1.146292774,-0.45797984,-0.408602166,0.286738337,-0.57936627,-0.413063873,0.34771835,-1.22837399
-1.853038927,1.39453930930237,0.407224317,-0.312072,0.26878594,-0.146258003,2.34929476,1.78199438,0.645305174,-0.376276114,-0.8438761432,0.548558545,0.581403026,1.591397834,2.286738337,1.72601835,0.214430263,0.91215858,-1.17817726
2.61153917,-2.19010844415732,2.241494462,1.1131274,-0.84834256,3.459534124,-0.645575075,0.04280276,-1.614438503,0.0359681823,-0.1659772418,-0.951740467,0.063055216,-1.408602166,0.286738337,-1.31862104,0.167081996,-0.0758112,0.04104619
2.61153917,-1.51910518691182,0.28112088,-0.3582069,0.1016085,2.125984051,0.104713687,-0.92713297,-1.989732459,-0.8565127177,-0.9473280888,-0.868612596,-0.710324425,-0.408602166,-0.713261663,-0.23195186,-0.611167915,-0.38946793,-1.10939625
-1.398627683,2.07550720659341,-0.957323772,-1.7372714,0.26878594,-1.794573621,0.049169379,0.25323707,0.80455759,-0.0603225674,-0.3207349416,1.870939434,2.061464012,1.591397834,2.286738337,0.65582533,0.467827889,0.13595358,0.59266858
-1.398627683,0.133077542450609,-1.902674421,-2.4498711,-1.23972938,-1.794573621,-0.380903484,-0.10941455,0.597661466,-0.656154063,-0.6370179915,-0.230877468,0.246717614,-1.408602166,-1.713261663,-1.24091161,-0.184435421,-0.38946793,1.03643862
-1.373312561,0.423324477230975,-1.049334844,-2.4498711,-0.34681025,-2.34401216,-1.98793481,-0.49881031,-0.690990292,0.126596623,0.0467134915,1.018479576,0.790323024,1.591397834,0.286738337,-0.18218959,-1.06222962,-0.3864527,0.04104619
2.405429536,-1.80935212169219,-0.286444148,1.1131274,-0.84834256,4.323738208,-0.595939915,-0.43437295,-1.00364724,0.5170470512,0.4893193451,-1.14792546,-1.513648504,-0.408602166,-1.713261663,-1.51028128,-0.67853985,-0.18169359,-0.28963455
